[
  {
    "country": "France",
    "city": "Paris",
    "lat": 48.8534951,
    "lon": 2.3483915
  },
  {
    "country": "France",
    "city": "Marseille",
    "lat": 43.2961743,
    "lon": 5.3699525
  },
  {
    "country": "France",
    "city": "Lyon",
    "lat": 45.7578137,
    "lon": 4.8320114
  },
  {
    "country": "France",
    "city": "Toulouse",
    "lat": 43.6044622,
    "lon": 1.4442469
  },
  {
    "country": "France",
    "city": "Nice",
    "lat": 43.7009358,
    "lon": 7.2683912
  },
  {
    "country": "France",
    "city": "Nantes",
    "lat": 47.2186371,
    "lon": -1.5541362
  },
  {
    "country": "France",
    "city": "Montpellier",
    "lat": 43.6112422,
    "lon": 3.8767337
  },
  {
    "country": "France",
    "city": "Bordeaux",
    "lat": 44.841225,
    "lon": -0.5800364
  },
  {
    "country": "France",
    "city": "Strasbourg",
    "lat": 48.584614,
    "lon": 7.7507127
  },
  {
    "country": "France",
    "city": "Lille",
    "lat": 50.6365654,
    "lon": 3.0635282
  },
  {
    "country": "Spain",
    "city": "Madrid",
    "lat": 40.4167047,
    "lon": -3.7035825
  },
  {
    "country": "Spain",
    "city": "Barcelona",
    "lat": 41.3825802,
    "lon": 2.177073
  },
  {
    "country": "Spain",
    "city": "Valencia",
    "lat": 39.4697065,
    "lon": -0.3763353
  },
  {
    "country": "Spain",
    "city": "Seville",
    "lat": 37.3886303,
    "lon": -5.9953403
  },
  {
    "country": "Spain",
    "city": "Bilbao",
    "lat": 43.2630018,
    "lon": -2.9350039
  },
  {
    "country": "Spain",
    "city": "Malaga",
    "lat": 36.7213028,
    "lon": -4.4216366
  },
  {
    "country": "Spain",
    "city": "Zaragoza",
    "lat": 41.6521342,
    "lon": -0.8809428
  },
  {
    "country": "Spain",
    "city": "Granada",
    "lat": 37.1734995,
    "lon": -3.5995337
  },
  {
    "country": "Spain",
    "city": "Cordoba",
    "lat": 37.8845813,
    "lon": -4.7760138
  },
  {
    "country": "Spain",
    "city": "Alicante",
    "lat": 38.3436365,
    "lon": -0.4881708
  },
  {
    "country": "Italy",
    "city": "Rome",
    "lat": 41.8933203,
    "lon": 12.4829321
  },
  {
    "country": "Italy",
    "city": "Milan",
    "lat": 45.4641943,
    "lon": 9.1896346
  },
  {
    "country": "Italy",
    "city": "Naples",
    "lat": 40.8358846,
    "lon": 14.2487679
  },
  {
    "country": "Italy",
    "city": "Turin",
    "lat": 45.0677551,
    "lon": 7.6824892
  },
  {
    "country": "Italy",
    "city": "Palermo",
    "lat": 38.1112268,
    "lon": 13.3524434
  },
  {
    "country": "Italy",
    "city": "Genoa",
    "lat": 44.40726,
    "lon": 8.9338624
  },
  {
    "country": "Italy",
    "city": "Bologna",
    "lat": 44.4938203,
    "lon": 11.3426327
  },
  {
    "country": "Italy",
    "city": "Florence",
    "lat": 43.7697955,
    "lon": 11.2556404
  },
  {
    "country": "Italy",
    "city": "Venice",
    "lat": 45.4371908,
    "lon": 12.3345898
  },
  {
    "country": "Italy",
    "city": "Verona",
    "lat": 45.4384958,
    "lon": 10.9924122
  },
  {
    "country": "Germany",
    "city": "Berlin",
    "lat": 52.510885,
    "lon": 13.3989367
  },
  {
    "country": "Germany",
    "city": "Munich",
    "lat": 48.1371079,
    "lon": 11.5753822
  },
  {
    "country": "Germany",
    "city": "Hamburg",
    "lat": 53.550341,
    "lon": 10.000654
  },
  {
    "country": "Germany",
    "city": "Cologne",
    "lat": 50.938361,
    "lon": 6.959974
  },
  {
    "country": "Germany",
    "city": "Frankfurt",
    "lat": 50.1106444,
    "lon": 8.6820917
  },
  {
    "country": "Germany",
    "city": "Stuttgart",
    "lat": 48.7784485,
    "lon": 9.1800132
  },
  {
    "country": "Germany",
    "city": "Dusseldorf",
    "lat": 51.2254018,
    "lon": 6.7763137
  },
  {
    "country": "Germany",
    "city": "Leipzig",
    "lat": 51.3406321,
    "lon": 12.3747329
  },
  {
    "country": "Germany",
    "city": "Dortmund",
    "lat": 51.5142273,
    "lon": 7.4652789
  },
  {
    "country": "Germany",
    "city": "Bremen",
    "lat": 53.0758196,
    "lon": 8.8071646
  },
  {
    "country": "Portugal",
    "city": "Lisbon",
    "lat": 38.7077507,
    "lon": -9.1365919
  },
  {
    "country": "Portugal",
    "city": "Porto",
    "lat": 41.1502195,
    "lon": -8.6103497
  },
  {
    "country": "Portugal",
    "city": "Coimbra",
    "lat": 40.2111931,
    "lon": -8.4294632
  },
  {
    "country": "Portugal",
    "city": "Braga",
    "lat": 41.5510583,
    "lon": -8.4280045
  },
  {
    "country": "Portugal",
    "city": "Faro",
    "lat": 37.0162944,
    "lon": -7.935182
  },
  {
    "country": "Portugal",
    "city": "Aveiro",
    "lat": 40.640496,
    "lon": -8.6537841
  },
  {
    "country": "Portugal",
    "city": "Guimaraes",
    "lat": 41.4417677,
    "lon": -8.2955712
  },
  {
    "country": "Portugal",
    "city": "Evora",
    "lat": 38.5707742,
    "lon": -7.9092808
  },
  {
    "country": "Portugal",
    "city": "Setubal",
    "lat": 38.5241783,
    "lon": -8.8932341
  },
  {
    "country": "Portugal",
    "city": "Viseu",
    "lat": 40.6574713,
    "lon": -7.9138664
  },
  {
    "country": "United Kingdom",
    "city": "London",
    "lat": 51.5074456,
    "lon": -0.1277653
  },
  {
    "country": "United Kingdom",
    "city": "Manchester",
    "lat": 53.4794892,
    "lon": -2.2451148
  },
  {
    "country": "United Kingdom",
    "city": "Birmingham",
    "lat": 52.4796992,
    "lon": -1.9026911
  },
  {
    "country": "United Kingdom",
    "city": "Liverpool",
    "lat": 53.4071991,
    "lon": -2.99168
  },
  {
    "country": "United Kingdom",
    "city": "Leeds",
    "lat": 53.7974185,
    "lon": -1.5437941
  },
  {
    "country": "United Kingdom",
    "city": "Bristol",
    "lat": 51.4538022,
    "lon": -2.5972985
  },
  {
    "country": "United Kingdom",
    "city": "Newcastle",
    "lat": 54.2118323,
    "lon": -5.8897216
  },
  {
    "country": "United Kingdom",
    "city": "Sheffield",
    "lat": 53.3806626,
    "lon": -1.4702278
  },
  {
    "country": "United Kingdom",
    "city": "Glasgow",
    "lat": 55.861155,
    "lon": -4.2501687
  },
  {
    "country": "United Kingdom",
    "city": "Edinburgh",
    "lat": 55.9533456,
    "lon": -3.1883749
  },
  {
    "country": "Netherlands",
    "city": "Amsterdam",
    "lat": 52.3730796,
    "lon": 4.8924534
  },
  {
    "country": "Netherlands",
    "city": "Rotterdam",
    "lat": 51.9244424,
    "lon": 4.47775
  },
  {
    "country": "Netherlands",
    "city": "The Hague",
    "lat": 52.0799838,
    "lon": 4.3113461
  },
  {
    "country": "Netherlands",
    "city": "Utrecht",
    "lat": 52.0907006,
    "lon": 5.1215634
  },
  {
    "country": "Netherlands",
    "city": "Eindhoven",
    "lat": 51.4392648,
    "lon": 5.478633
  },
  {
    "country": "Netherlands",
    "city": "Tilburg",
    "lat": 51.5562404,
    "lon": 5.0886014
  },
  {
    "country": "Netherlands",
    "city": "Groningen",
    "lat": 53.2190652,
    "lon": 6.5680077
  },
  {
    "country": "Netherlands",
    "city": "Breda",
    "lat": 51.5887845,
    "lon": 4.7760237
  },
  {
    "country": "Netherlands",
    "city": "Nijmegen",
    "lat": 51.8474946,
    "lon": 5.8637771
  },
  {
    "country": "Netherlands",
    "city": "Arnhem",
    "lat": 51.984257,
    "lon": 5.9108573
  },
  {
    "country": "Belgium",
    "city": "Brussels",
    "lat": 50.8465573,
    "lon": 4.351697
  },
  {
    "country": "Belgium",
    "city": "Antwerp",
    "lat": 51.2211097,
    "lon": 4.3997081
  },
  {
    "country": "Belgium",
    "city": "Ghent",
    "lat": 51.0538286,
    "lon": 3.7250121
  },
  {
    "country": "Belgium",
    "city": "Bruges",
    "lat": 51.2085526,
    "lon": 3.226772
  },
  {
    "country": "Belgium",
    "city": "Leuven",
    "lat": 50.879202,
    "lon": 4.7011675
  },
  {
    "country": "Belgium",
    "city": "Liege",
    "lat": 50.6450944,
    "lon": 5.5736112
  },
  {
    "country": "Belgium",
    "city": "Namur",
    "lat": 50.4665284,
    "lon": 4.8661892
  },
  {
    "country": "Belgium",
    "city": "Mons",
    "lat": 50.4549568,
    "lon": 3.951958
  },
  {
    "country": "Belgium",
    "city": "Kortrijk",
    "lat": 50.8276429,
    "lon": 3.2659884
  },
  {
    "country": "Belgium",
    "city": "Mechelen",
    "lat": 51.0281381,
    "lon": 4.4803453
  },
  {
    "country": "Switzerland",
    "city": "Zurich",
    "lat": 47.3744489,
    "lon": 8.5410422
  },
  {
    "country": "Switzerland",
    "city": "Geneva",
    "lat": 46.2017559,
    "lon": 6.1466014
  },
  {
    "country": "Switzerland",
    "city": "Basel",
    "lat": 47.5581077,
    "lon": 7.5878261
  },
  {
    "country": "Switzerland",
    "city": "Bern",
    "lat": 46.9484742,
    "lon": 7.4521749
  },
  {
    "country": "Switzerland",
    "city": "Lausanne",
    "lat": 46.5218269,
    "lon": 6.6327025
  },
  {
    "country": "Switzerland",
    "city": "Lucerne",
    "lat": 47.0505452,
    "lon": 8.3054682
  },
  {
    "country": "Switzerland",
    "city": "St. Gallen",
    "lat": 47.425618,
    "lon": 9.3762397
  },
  {
    "country": "Switzerland",
    "city": "Lugano",
    "lat": 46.0050102,
    "lon": 8.9520281
  },
  {
    "country": "Switzerland",
    "city": "Biel",
    "lat": 47.1402077,
    "lon": 7.2439029
  },
  {
    "country": "Switzerland",
    "city": "Thun",
    "lat": 46.7582827,
    "lon": 7.628086
  },
  {
    "country": "Austria",
    "city": "Vienna",
    "lat": 48.2083537,
    "lon": 16.3725042
  },
  {
    "country": "Austria",
    "city": "Graz",
    "lat": 47.0708678,
    "lon": 15.4382786
  },
  {
    "country": "Austria",
    "city": "Linz",
    "lat": 48.3059078,
    "lon": 14.286198
  },
  {
    "country": "Austria",
    "city": "Salzburg",
    "lat": 47.7981346,
    "lon": 13.0464806
  },
  {
    "country": "Austria",
    "city": "Innsbruck",
    "lat": 47.2654296,
    "lon": 11.3927685
  },
  {
    "country": "Austria",
    "city": "Klagenfurt",
    "lat": 46.623943,
    "lon": 14.3075976
  },
  {
    "country": "Austria",
    "city": "Villach",
    "lat": 46.6167284,
    "lon": 13.8500268
  },
  {
    "country": "Austria",
    "city": "Wels",
    "lat": 48.1565472,
    "lon": 14.0243752
  },
  {
    "country": "Austria",
    "city": "St. Pölten",
    "lat": 48.2043985,
    "lon": 15.6229118
  },
  {
    "country": "Austria",
    "city": "Dornbirn",
    "lat": 47.4136351,
    "lon": 9.7423762
  },
  {
    "country": "Greece",
    "city": "Athens",
    "lat": 37.9755648,
    "lon": 23.7348324
  },
  {
    "country": "Greece",
    "city": "Thessaloniki",
    "lat": 40.6403167,
    "lon": 22.9352716
  },
  {
    "country": "Greece",
    "city": "Patras",
    "lat": 38.246242,
    "lon": 21.7350847
  },
  {
    "country": "Greece",
    "city": "Heraklion",
    "lat": 35.33908,
    "lon": 25.1332843
  },
  {
    "country": "Greece",
    "city": "Larissa",
    "lat": 39.6383092,
    "lon": 22.4160706
  },
  {
    "country": "Greece",
    "city": "Volos",
    "lat": 39.3624833,
    "lon": 22.9401864
  },
  {
    "country": "Greece",
    "city": "Rhodes",
    "lat": 36.4437233,
    "lon": 28.227369
  },
  {
    "country": "Greece",
    "city": "Ioannina",
    "lat": 39.6639818,
    "lon": 20.8522784
  },
  {
    "country": "Greece",
    "city": "Chania",
    "lat": 35.5120831,
    "lon": 24.0191544
  },
  {
    "country": "Greece",
    "city": "Kavala",
    "lat": 40.9369224,
    "lon": 24.4122766
  },
  {
    "country": "Turkey",
    "city": "Istanbul",
    "lat": 41.006381,
    "lon": 28.9758715
  },
  {
    "country": "Turkey",
    "city": "Ankara",
    "lat": 39.9207759,
    "lon": 32.8540497
  },
  {
    "country": "Turkey",
    "city": "Izmir",
    "lat": 38.4192537,
    "lon": 27.128469
  },
  {
    "country": "Turkey",
    "city": "Antalya",
    "lat": 36.8865728,
    "lon": 30.7030242
  },
  {
    "country": "Turkey",
    "city": "Bursa",
    "lat": 40.1825734,
    "lon": 29.0675039
  },
  {
    "country": "Turkey",
    "city": "Konya",
    "lat": 37.872734,
    "lon": 32.4924376
  },
  {
    "country": "Turkey",
    "city": "Gaziantep",
    "lat": 37.0628317,
    "lon": 37.3792617
  },
  {
    "country": "Turkey",
    "city": "Adana",
    "lat": 36.9863599,
    "lon": 35.3252861
  },
  {
    "country": "Turkey",
    "city": "Mersin",
    "lat": 36.7978381,
    "lon": 34.6298391
  },
  {
    "country": "Turkey",
    "city": "Eskişehir",
    "lat": 39.7743941,
    "lon": 30.519116
  },
  {
    "country": "Morocco",
    "city": "Casablanca",
    "lat": 33.5945144,
    "lon": -7.6200284
  },
  {
    "country": "Morocco",
    "city": "Rabat",
    "lat": 34.0218454,
    "lon": -6.8408929
  },
  {
    "country": "Morocco",
    "city": "Marrakech",
    "lat": 31.6258257,
    "lon": -7.9891608
  },
  {
    "country": "Morocco",
    "city": "Fes",
    "lat": 34.0346534,
    "lon": -5.0161926
  },
  {
    "country": "Morocco",
    "city": "Tangier",
    "lat": 35.7696302,
    "lon": -5.8033522
  },
  {
    "country": "Morocco",
    "city": "Agadir",
    "lat": 30.4205162,
    "lon": -9.5838532
  },
  {
    "country": "Morocco",
    "city": "Meknes",
    "lat": 33.8984131,
    "lon": -5.5321582
  },
  {
    "country": "Morocco",
    "city": "Oujda",
    "lat": 34.677874,
    "lon": -1.929306
  },
  {
    "country": "Morocco",
    "city": "Tetouan",
    "lat": 35.570175,
    "lon": -5.3742776
  },
  {
    "country": "Morocco",
    "city": "Essaouira",
    "lat": 31.5118281,
    "lon": -9.7620903
  },
  {
    "country": "Tunisia",
    "city": "Tunis",
    "lat": 36.8002068,
    "lon": 10.1857757
  },
  {
    "country": "Tunisia",
    "city": "Sfax",
    "lat": 34.723238699999996,
    "lon": 10.335847425638779
  },
  {
    "country": "Tunisia",
    "city": "Sousse",
    "lat": 35.8288284,
    "lon": 10.6405254
  },
  {
    "country": "Tunisia",
    "city": "Kairouan",
    "lat": 35.5792795,
    "lon": 9.83429085659187
  },
  {
    "country": "Tunisia",
    "city": "Bizerte",
    "lat": 37.035433850000004,
    "lon": 9.639325861461977
  },
  {
    "country": "Tunisia",
    "city": "Gabes",
    "lat": 33.8878082,
    "lon": 10.10044
  },
  {
    "country": "Tunisia",
    "city": "Nabeul",
    "lat": 36.7209722,
    "lon": 10.704199988265088
  },
  {
    "country": "Tunisia",
    "city": "Tozeur",
    "lat": 33.9239001,
    "lon": 8.1370639
  },
  {
    "country": "Tunisia",
    "city": "Hammamet",
    "lat": 36.4006557,
    "lon": 10.6190626
  },
  {
    "country": "Tunisia",
    "city": "Douz",
    "lat": 33.4571102,
    "lon": 9.0249829
  },
  {
    "country": "Egypt",
    "city": "Cairo",
    "lat": 30.0443879,
    "lon": 31.2357257
  },
  {
    "country": "Egypt",
    "city": "Alexandria",
    "lat": 31.1991806,
    "lon": 29.8951716
  },
  {
    "country": "Egypt",
    "city": "Giza",
    "lat": 29.9870753,
    "lon": 31.2118063
  },
  {
    "country": "Egypt",
    "city": "Luxor",
    "lat": 25.702096,
    "lon": 32.647186
  },
  {
    "country": "Egypt",
    "city": "Aswan",
    "lat": 24.091071,
    "lon": 32.897306
  },
  {
    "country": "Egypt",
    "city": "Hurghada",
    "lat": 27.222556,
    "lon": 33.8307062
  },
  {
    "country": "Egypt",
    "city": "Sharm El Sheikh",
    "lat": 27.8644422,
    "lon": 34.295447
  },
  {
    "country": "Egypt",
    "city": "Port Said",
    "lat": 31.263235,
    "lon": 32.305505
  },
  {
    "country": "Egypt",
    "city": "Mansoura",
    "lat": 28.075892099999997,
    "lon": 30.750367351843558
  },
  {
    "country": "Egypt",
    "city": "Tanta",
    "lat": 30.7833666,
    "lon": 30.9982536
  },
  {
    "country": "United States",
    "city": "New York",
    "lat": 40.68295,
    "lon": -73.9708
  },
  {
    "country": "United States",
    "city": "Los Angeles",
    "lat": 34.0536909,
    "lon": -118.242766
  },
  {
    "country": "United States",
    "city": "Chicago",
    "lat": 41.8755616,
    "lon": -87.6244212
  },
  {
    "country": "United States",
    "city": "Houston",
    "lat": 29.7589382,
    "lon": -95.3676974
  },
  {
    "country": "United States",
    "city": "Phoenix",
    "lat": 33.4484367,
    "lon": -112.074141
  },
  {
    "country": "United States",
    "city": "San Diego",
    "lat": 32.7174202,
    "lon": -117.162772
  },
  {
    "country": "United States",
    "city": "Dallas",
    "lat": 32.7762719,
    "lon": -96.7968559
  },
  {
    "country": "United States",
    "city": "San Francisco",
    "lat": 37.7792588,
    "lon": -122.4193286
  },
  {
    "country": "United States",
    "city": "Boston",
    "lat": 42.3554334,
    "lon": -71.060511
  },
  {
    "country": "United States",
    "city": "Miami",
    "lat": 25.7741566,
    "lon": -80.1935973
  },
  {
    "country": "Canada",
    "city": "Toronto",
    "lat": 43.6534817,
    "lon": -79.3839347
  },
  {
    "country": "Canada",
    "city": "Vancouver",
    "lat": 49.2608724,
    "lon": -123.113952
  },
  {
    "country": "Canada",
    "city": "Montreal",
    "lat": 45.5031824,
    "lon": -73.5698065
  },
  {
    "country": "Canada",
    "city": "Calgary",
    "lat": 51.0456064,
    "lon": -114.057541
  },
  {
    "country": "Canada",
    "city": "Ottawa",
    "lat": 45.4208777,
    "lon": -75.6901106
  },
  {
    "country": "Canada",
    "city": "Edmonton",
    "lat": 53.5462055,
    "lon": -113.491241
  },
  {
    "country": "Canada",
    "city": "Winnipeg",
    "lat": 49.8955367,
    "lon": -97.1384584
  },
  {
    "country": "Canada",
    "city": "Quebec City",
    "lat": 46.8137431,
    "lon": -71.2084061
  },
  {
    "country": "Canada",
    "city": "Halifax",
    "lat": 44.648618,
    "lon": -63.5859487
  },
  {
    "country": "Canada",
    "city": "Victoria",
    "lat": 48.4283182,
    "lon": -123.364953
  },
  {
    "country": "Mexico",
    "city": "Mexico City",
    "lat": 19.4326296,
    "lon": -99.1331785
  },
  {
    "country": "Mexico",
    "city": "Guadalajara",
    "lat": 20.6720375,
    "lon": -103.338396
  },
  {
    "country": "Mexico",
    "city": "Monterrey",
    "lat": 25.6802019,
    "lon": -100.315258
  },
  {
    "country": "Mexico",
    "city": "Puebla",
    "lat": 19.0437196,
    "lon": -98.1981486
  },
  {
    "country": "Mexico",
    "city": "Cancun",
    "lat": 21.1527467,
    "lon": -86.8425761
  },
  {
    "country": "Mexico",
    "city": "Tijuana",
    "lat": 32.5317397,
    "lon": -117.019529
  },
  {
    "country": "Mexico",
    "city": "Leon",
    "lat": 21.121965,
    "lon": -101.6829766
  },
  {
    "country": "Mexico",
    "city": "Merida",
    "lat": 20.9670759,
    "lon": -89.6237402
  },
  {
    "country": "Mexico",
    "city": "Toluca",
    "lat": 19.292545,
    "lon": -99.6569007
  },
  {
    "country": "Mexico",
    "city": "Acapulco",
    "lat": 16.8680495,
    "lon": -99.8940182
  },
  {
    "country": "Brazil",
    "city": "São Paulo",
    "lat": -23.5506507,
    "lon": -46.6333824
  },
  {
    "country": "Brazil",
    "city": "Rio de Janeiro",
    "lat": -22.9110137,
    "lon": -43.2093727
  },
  {
    "country": "Brazil",
    "city": "Brasilia",
    "lat": -15.7939869,
    "lon": -47.8828
  },
  {
    "country": "Brazil",
    "city": "Salvador",
    "lat": -12.9822499,
    "lon": -38.4812772
  },
  {
    "country": "Brazil",
    "city": "Fortaleza",
    "lat": -3.7304512,
    "lon": -38.5217989
  },
  {
    "country": "Brazil",
    "city": "Recife",
    "lat": -8.0584933,
    "lon": -34.8848193
  },
  {
    "country": "Brazil",
    "city": "Curitiba",
    "lat": -25.4295963,
    "lon": -49.2712724
  },
  {
    "country": "Brazil",
    "city": "Manaus",
    "lat": -3.1316333,
    "lon": -59.9825041
  },
  {
    "country": "Brazil",
    "city": "Belem",
    "lat": -1.45056,
    "lon": -48.4682453
  },
  {
    "country": "Brazil",
    "city": "Porto Alegre",
    "lat": -30.0324999,
    "lon": -51.2303767
  },
  {
    "country": "Argentina",
    "city": "Buenos Aires",
    "lat": -34.6083696,
    "lon": -58.4440583
  },
  {
    "country": "Argentina",
    "city": "Cordoba",
    "lat": -31.4166867,
    "lon": -64.1834193
  },
  {
    "country": "Argentina",
    "city": "Rosario",
    "lat": -32.9593609,
    "lon": -60.6617024
  },
  {
    "country": "Argentina",
    "city": "Mendoza",
    "lat": -32.8894155,
    "lon": -68.8446177
  },
  {
    "country": "Argentina",
    "city": "La Plata",
    "lat": -34.9206797,
    "lon": -57.9537638
  },
  {
    "country": "Argentina",
    "city": "Mar del Plata",
    "lat": -37.9976168,
    "lon": -57.5482079
  },
  {
    "country": "Argentina",
    "city": "Salta",
    "lat": 47.7374073,
    "lon": 24.1794506
  },
  {
    "country": "Argentina",
    "city": "San Miguel de Tucuman",
    "lat": -26.8303703,
    "lon": -65.2038133
  },
  {
    "country": "Argentina",
    "city": "San Juan",
    "lat": -31.5370909,
    "lon": -68.5251802
  },
  {
    "country": "Argentina",
    "city": "Neuquen",
    "lat": -38.9519679,
    "lon": -68.0591741
  }
]